{
	"id": "postcard simple landing",
	"name": "postcard simple landing", 
	"mobile": true, 
	"notes": "version 1.103", 
	"syntax": 4, 
	"version": 1.103,
	"style": {
		"html": "",
		"replacements": [

       
          {
              "type": "color",
              "name": "site Background",
              "find": "#CCC"
          },
          {
              "type": "color",
              "name": "optin wrap background",
              "find": "#fffffd"
          },
          {
              "type": "color",
              "name": "optin wrap box shadow",
              "find": "#333"
          },
          {
              "type": "color",
              "name": "optin button box bg",
              "find": "#f7f7f7"
          },
          {
              "type": "color",
              "name": "optin button box border",
              "find": "#000098"
          },
          {
              "type": "color",
              "name": "optin button top color",
              "find": "#fcb408"
          },
           {
              "type": "color",
              "name": "optin button bottom color",
              "find": "#ff6000"
          }




		]
	},

	"form": {
        "title": {
            "css": {
                "font-family": "Helvetica, Arial, sans-serif",
                "font-size": "18pt;",
                "letter-spacing": "0em;"
            },
            "html": "<strong>Enter your email address below to reserve _______... it's 100% FREE!</strong>"
        },
        "submit": {
            "css": {
                "background-color": "#ffcb01;",
                "border-color": "#ffb403;",
                "border-width": "0pt;",
                "border-style": "solid;",
                "font-family": "Helvetica, Arial, sans-serif",
                "font-size": "14pt;",
                "letter-spacing": "-0.1em;"
            },
            "html": "Free Instant Access &raquo;"
        },
        "privacy": {
            "css": {
                "font-family": "Helvetica, Arial, sans-serif",
                "font-size": "12pt;",
                "letter-spacing": "-0.1em;"
            },
            "html": "<div><i class=\"icon-lock\"></i>We hate SPAM and promise to keep your email address safe. </div>"
        }
    },
	"elements": [
		
        {
      "id": "optWrap",
      "name": "Optin Box Wrap",
      "type": "container"
        },
        {
      "id": "optBox",
      "name": "Optin Box",
      "type": "container"
        },
         




        {
      "id": "optText",
      "name": "Optin Text",
      "type": "text"
        },
         

   
        {
      "id": "optButton",
      "name": "Buy Button",
      "type": "link"
        }



	]
}


